CustomerId,FirstName,LastName,Email,PhoneNum,Address,City,State,ZipCode,Country
1,Ojas,Saraf,ojas.saraf001@gmail.com,6557747376,"73/94, Subramaniam Chowk",Nadiad,Maharashtra,630231,India
2,Divyansh,Bhat,divyansh.bhat002@gmail.com,6888866985,"H.No. 74, Kanda Path",Jamnagar,Kerala,340927,India
3,Renee,Das,renee.das003@outlook.com,1598428267,"697, Khatri Path",Chandigarh,Sikkim,925654,India
4,Zara,Bhasin,zara.bhasin004@yahoo.in,0731853959,"H.No. 71, Bora Marg",Ajmer,Arunachal Pradesh,171920,India
5,Rasha,Ramaswamy,rasha.ramaswamy005@yahoo.in,9093420809,"14/146, Roy",Bhiwandi,Mizoram,621152,India
6,Jhanvi,Rajagopalan,jhanvi.rajagopalan006@yahoo.in,0475703930,"89/53, Ganesan Chowk",Ahmednagar,Telangana,420688,India
7,Sana,Shukla,sana.shukla007@gmail.com,5689367957,"H.No. 14, Yohannan Ganj",Sikar,Uttar Pradesh,460944,India
8,Anaya,Chawla,anaya.chawla008@hotmail.com,3228186603,"H.No. 30, Acharya Nagar",Sikar,Andhra Pradesh,894023,India
9,Ira,Banik,ira.banik009@gmail.com,7910858503,"33/76, Korpal Ganj",Hapur,Rajasthan,014723,India
10,Jayan,Mallick,jayan.mallick010@hotmail.com,9666034307,"09/499, Bhagat Zila",Satna,Jharkhand,619708,India
11,Jayesh,Chawla,jayesh.chawla011@rediffmail.com,9356718183,"36/43, Soman Path",Karimnagar,Himachal Pradesh,993908,India
12,Pihu,Deshmukh,pihu.deshmukh012@gmail.com,6225878542,"H.No. 421, Sami Ganj",Gulbarga,Jharkhand,328852,India
13,Purab,Basu,purab.basu013@gmail.com,7512998829,"H.No. 078, Ramesh Marg",Bhilwara,Gujarat,578030,India
14,Aayush,Zachariah,aayush.zachariah014@gmail.com,2827473278,"H.No. 964, Bhatia Nagar",Panchkula,Uttar Pradesh,234606,India
15,Oorja,Saraf,oorja.saraf015@yahoo.in,0595828262,"335, Dutta Zila",Bhiwani,Tamil Nadu,719395,India
16,Hazel,Bhat,hazel.bhat016@yahoo.in,1692872923,"H.No. 72, Ganesh Road",Tinsukia,Manipur,044939,India
17,Vardaniya,Magar,vardaniya.magar017@hotmail.com,5015649326,"135, Loke Nagar",Dewas,Arunachal Pradesh,038133,India
18,Reyansh,Karpe,reyansh.karpe018@hotmail.com,8988248154,"H.No. 64, Joshi Street",Munger,Manipur,501893,India
19,Nehmat,Dugar,nehmat.dugar019@gmail.com,7959677517,"02/786, Shankar Path",Pondicherry,Tamil Nadu,083822,India
20,Diya,Dutta,diya.dutta020@hotmail.com,7089636090,"988, Mammen Zila",Noida,Odisha,945667,India
21,Dishani,Biswas,dishani.biswas021@yahoo.in,8352359542,"H.No. 39, Swamy Path",Bhopal,Punjab,992395,India
22,Prerak,Raja,prerak.raja022@hotmail.com,5189699798,"73/73, Dani Nagar",Thoothukudi,Bihar,401529,India
23,Advika,Doctor,advika.doctor023@rediffmail.com,0721594396,"80/15, Mani Nagar",Ramgarh,Karnataka,281287,India
24,Jayesh,Loyal,jayesh.loyal024@yahoo.in,4056201428,"97/90, Ganesh Nagar",Karaikudi,Odisha,737590,India
25,Riya,Borde,riya.borde025@rediffmail.com,0691596187,"H.No. 51, Venkatesh Street",Malegaon,Tamil Nadu,423900,India
26,Zeeshan,Ahuja,zeeshan.ahuja026@hotmail.com,8581085756,"H.No. 907, Deol Road",Orai,Maharashtra,775429,India
27,Ritvik,Dugar,ritvik.dugar027@outlook.com,2590456912,"09/277, Dutt Zila",Latur,Goa,665588,India
28,Ivana,Biswas,ivana.biswas028@gmail.com,9019220354,"513, Magar Path",Bettiah,Sikkim,695905,India
29,Anika,Dutt,anika.dutt029@yahoo.in,8455885140,"92/253, Biswas Nagar",Rajkot,Telangana,957854,India
30,Ela,Wable,ela.wable030@rediffmail.com,9299457895,"42/564, Dewan Chowk",Ranchi,Tripura,040943,India
31,Jhanvi,Gandhi,jhanvi.gandhi031@outlook.com,1872371415,"189, Butala Chowk",Thiruvananthapuram,Meghalaya,758926,India
32,Shayak,Swamy,shayak.swamy032@outlook.com,7513045844,"H.No. 28, Sawhney Road",Jaipur,Manipur,093057,India
33,Kavya,Deo,kavya.deo033@yahoo.in,3029861387,"48/501, Tiwari Marg",Warangal,Maharashtra,749262,India
34,Divij,Varty,divij.varty034@yahoo.in,1008489947,"H.No. 72, Devi Marg",Nadiad,Himachal Pradesh,686445,India
35,Aarush,Sridhar,aarush.sridhar035@outlook.com,4352772113,"H.No. 791, Ramesh Nagar",Bokaro,Goa,801335,India
36,Anahita,Ganesh,anahita.ganesh036@gmail.com,5361538998,"H.No. 34, Kalla Chowk",Karimnagar,Nagaland,379721,India
37,Chirag,Varughese,chirag.varughese037@gmail.com,2904880689,"39/299, Bhalla Zila",Eluru,Assam,504399,India
38,Gatik,Kari,gatik.kari038@rediffmail.com,8590105548,"85, Manda Circle",Guna,Haryana,409670,India
39,Alisha,Kohli,alisha.kohli039@gmail.com,8548298120,"H.No. 592, Bera Ganj",Howrah,Tamil Nadu,434556,India
40,Hansh,Bumb,hansh.bumb040@outlook.com,8483436556,"602, Rout Ganj",Varanasi,Gujarat,118005,India
41,Arnav,Mallick,arnav.mallick041@outlook.com,9041739724,"95, Malhotra Circle",Silchar,Madhya Pradesh,537719,India
42,Zara,Suri,zara.suri042@hotmail.com,7593795647,"52/35, Baral Road",Moradabad,Madhya Pradesh,399974,India
43,Neelofar,Bora,neelofar.bora043@outlook.com,5282583561,"76/34, Vyas Marg",Madurai,Telangana,690490,India
44,Eva,Sahni,eva.sahni044@gmail.com,4587635114,"167, Jaggi Road",Raipur,Assam,353052,India
45,Chirag,Dutta,chirag.dutta045@rediffmail.com,9664864266,"576, Bhagat Marg",Etawah,Himachal Pradesh,848727,India
46,Ivana,Halder,ivana.halder046@hotmail.com,9447156122,"H.No. 842, Ghose Street",Adoni,Maharashtra,428650,India
47,Diya,Mangat,diya.mangat047@gmail.com,9538545145,"00/75, Jani Road",Gwalior,Haryana,543067,India
48,Pari,Varghese,pari.varghese048@rediffmail.com,2449515423,"H.No. 09, Khosla Path",Rohtak,Meghalaya,629365,India
49,Myra,Khurana,myra.khurana049@gmail.com,4332638346,"H.No. 96, Chada Path",Dhule,Mizoram,377994,India
50,Hansh,Samra,hansh.samra050@hotmail.com,0635725899,"527, Balan Marg",Mathura,Mizoram,254009,India
51,Jayan,Vyas,jayan.vyas051@outlook.com,1266923556,"30/159, Bath Road",Kakinada,Manipur,217540,India
52,Aaina,Deshpande,aaina.deshpande052@hotmail.com,4530704279,"19/92, Kale Chowk",Kozhikode,Tripura,529193,India
53,Jayant,Aggarwal,jayant.aggarwal053@outlook.com,1625266258,"15/40, Kapoor Chowk",Siwan,Andhra Pradesh,347074,India
54,Anya,Choudhury,anya.choudhury054@hotmail.com,7651019239,"27, Lanka Zila",Medininagar,Gujarat,591783,India
55,Tanya,Gupta,tanya.gupta055@yahoo.in,4271723670,"75/845, Banik Ganj",Nagercoil,Jharkhand,587361,India
56,Gatik,Kala,gatik.kala056@gmail.com,8914255768,"637, Chadha Road",Vasai-Virar,Nagaland,588815,India
57,Tanya,Lanka,tanya.lanka057@gmail.com,4067383434,"18/399, Bedi Marg",Nadiad,Himachal Pradesh,246024,India
58,Tanya,Ghosh,tanya.ghosh058@yahoo.in,7138596382,"32/470, Bhardwaj Path",Saharsa,Arunachal Pradesh,475355,India
59,Samarth,Tella,samarth.tella059@outlook.com,6416403674,"H.No. 98, Krishna",Gopalpur,Nagaland,634082,India
60,Nitara,Sane,nitara.sane060@gmail.com,2319599099,"30/10, Shenoy Circle",Burhanpur,Tripura,391246,India
61,Jayan,Manne,jayan.manne061@yahoo.in,7540000527,"96/994, Dash Circle",Hindupur,Arunachal Pradesh,391946,India
62,Sahil,Kulkarni,sahil.kulkarni062@gmail.com,0430273610,"H.No. 340, Uppal Road",Malegaon,Maharashtra,237877,India
63,Hridaan,Sagar,hridaan.sagar063@rediffmail.com,7932913073,"04/014, Dube Marg",Yamunanagar,Haryana,008165,India
64,Piya,Shenoy,piya.shenoy064@outlook.com,0778954512,"161, Jani Street",Thoothukudi,West Bengal,227968,India
65,Adira,Balakrishnan,adira.balakrishnan065@rediffmail.com,7668949235,"70/260, Madan Zila",Delhi,Haryana,471027,India
66,Rohan,Raju,rohan.raju066@outlook.com,3418588430,"H.No. 66, Wali Road",Raichur,Goa,339754,India
67,Priyansh,Bajaj,priyansh.bajaj067@yahoo.in,2859048605,"H.No. 15, Ben Street",Pondicherry,Assam,090153,India
68,Darshit,Sangha,darshit.sangha068@outlook.com,3662777373,"31, Lalla Marg",Etawah,Maharashtra,936156,India
69,Nitara,Madan,nitara.madan069@outlook.com,7908241337,"33, Subramanian Street",Tirupati,Goa,080851,India
70,Saira,Bansal,saira.bansal070@yahoo.in,7701811659,"H.No. 400, Sengupta Ganj",South Dumdum,Karnataka,947716,India
71,Bhamini,Guha,bhamini.guha071@outlook.com,7768940386,"H.No. 84, Rajan Circle",Fatehpur,West Bengal,170582,India
72,Piya,Baral,piya.baral072@gmail.com,0136663185,"55, Manne",Belgaum,Tamil Nadu,965746,India
73,Stuvan,Savant,stuvan.savant073@hotmail.com,1991719238,"40, Sanghvi Marg",Nagercoil,Manipur,316624,India
74,Rasha,Goyal,rasha.goyal074@yahoo.in,5191817857,"H.No. 36, Barad Marg",Bhatpara,Telangana,768241,India
75,Mamooty,Randhawa,mamooty.randhawa075@hotmail.com,7239440005,"H.No. 863, Suri Zila",Lucknow,Karnataka,219594,India
76,Ela,Guha,ela.guha076@yahoo.in,9361354193,"93/05, Amble Ganj",Haldia,West Bengal,029667,India
77,Ryan,Kapur,ryan.kapur077@yahoo.in,5406708355,"13/793, Kakar Street",Etawah,Nagaland,725876,India
78,Zaina,Ahuja,zaina.ahuja078@rediffmail.com,3085851389,"43, Bhasin Circle",Bhusawal,West Bengal,955053,India
79,Zoya,Virk,zoya.virk079@rediffmail.com,8811058570,"64/047, Agrawal Path",Ludhiana,Arunachal Pradesh,611551,India
80,Elakshi,Khanna,elakshi.khanna080@outlook.com,0296525852,"92/226, Sengupta Road",Loni,Punjab,141345,India
81,Armaan,Bhatti,armaan.bhatti081@hotmail.com,7029086484,"82, Chhabra Circle",Shimoga,Bihar,472919,India
82,Rania,Chand,rania.chand082@yahoo.in,1850098648,"H.No. 333, Comar Chowk",Solapur,Maharashtra,545589,India
83,Navya,Karan,navya.karan083@outlook.com,4752952726,"86/727, Deep",Bhilwara,Haryana,057279,India
84,Raunak,Datta,raunak.datta084@gmail.com,6549531691,"98/237, Buch Marg",Kurnool,Uttarakhand,452991,India
85,Reyansh,Borde,reyansh.borde085@yahoo.in,5107262140,"94/393, Dass Path",Aurangabad,Mizoram,318762,India
86,Ivana,Bhargava,ivana.bhargava086@gmail.com,9695172931,"H.No. 18, Dhar Ganj",Bidar,Nagaland,672480,India
87,Tanya,Mani,tanya.mani087@outlook.com,1371361527,"H.No. 82, Talwar Chowk",Ulhasnagar,Assam,907370,India
88,Ahana ,Bains,ahana.bains088@rediffmail.com,7295368067,"859, Aurora Street",Guwahati,Uttar Pradesh,634945,India
89,Dhruv,Soni,dhruv.soni089@outlook.com,4303343393,"H.No. 323, Sathe Marg",Burhanpur,Punjab,437191,India
90,Krish,Kalla,krish.kalla090@gmail.com,1360588889,"H.No. 51, Lata Street",Raipur,Maharashtra,126621,India
91,Anay,Bajaj,anay.bajaj091@yahoo.in,5025631522,"H.No. 065, Dixit Path",Tiruppur,Uttar Pradesh,332819,India
92,Tanya,Batta,tanya.batta092@hotmail.com,5707190606,"27, Gandhi Ganj",Panipat,Chhattisgarh,728207,India
93,Aradhya,Chakraborty,aradhya.chakraborty093@outlook.com,1100301676,"707, Shah Street",Bidhannagar,Rajasthan,475837,India
94,Shayak,Bassi,shayak.bassi094@yahoo.in,1968524302,"H.No. 207, Soman Road",Jalna,Madhya Pradesh,564010,India
95,Rhea,Dhingra,rhea.dhingra095@rediffmail.com,0468649365,"H.No. 286, Kakar Chowk",Saharsa,Uttar Pradesh,412333,India
96,Nishith,Dora,nishith.dora096@rediffmail.com,4808399474,"H.No. 369, Hans Road",Morena,Mizoram,800530,India
97,Aaina,Chahal,aaina.chahal097@rediffmail.com,4921334013,"H.No. 264, Kumer Zila",Naihati,Mizoram,115063,India
98,Bhamini,Kadakia,bhamini.kadakia098@yahoo.in,6942821218,"82, Shankar Zila",Nandyal,Uttar Pradesh,883868,India
99,Adah,Devi,adah.devi099@outlook.com,8238956130,"982, Anand Marg",Siwan,Rajasthan,492166,India
100,Zeeshan,Dasgupta,zeeshan.dasgupta100@yahoo.in,7362617415,"H.No. 53, Bahri",Bikaner,Odisha,798871,India
101,Rania,Tripathi,rania.tripathi101@yahoo.in,4194985674,"81, Bhasin Path",Satara,Maharashtra,014416,India
102,Miraan,Balan,miraan.balan102@hotmail.com,1124572372,"01/89, Jayaraman Path",Nizamabad,Punjab,547291,India
103,Vritika,Rastogi,vritika.rastogi103@hotmail.com,6177017629,"99, Lall",Tiruppur,Goa,684588,India
104,Aarna,Chaudry,aarna.chaudry104@outlook.com,5596722355,"688, Apte Nagar",Tiruvottiyur,Bihar,033656,India
105,Himmat,Vala,himmat.vala105@hotmail.com,2096643471,"67/187, Kamdar Circle",Agartala,Chhattisgarh,724037,India
106,Amani,Warrior,amani.warrior106@rediffmail.com,8709981621,"23, Bobal Chowk",Hospet,Tripura,221736,India
107,Kaira,Choudhary,kaira.choudhary107@hotmail.com,4996571554,"H.No. 86, Chauhan Zila",Munger,Madhya Pradesh,780401,India
108,Nayantara,Doshi,nayantara.doshi108@rediffmail.com,7541957282,"65/362, Ravel Marg",Guwahati,Odisha,414157,India
109,Inaaya ,Sami,inaaya.sami109@outlook.com,8367465154,"98/096, Rattan Zila",Meerut,Haryana,526812,India
110,Keya,Sunder,keya.sunder110@yahoo.in,7895148765,"08, Ravel Street",Amaravati,Himachal Pradesh,754031,India
111,Ranbir,Varghese,ranbir.varghese111@yahoo.in,7768847689,"270, Kade Marg",Noida,Punjab,852805,India
112,Amani,Srinivas,amani.srinivas112@hotmail.com,6719739863,"12/88, Banik Nagar",Bhusawal,Telangana,908866,India
113,Arhaan,Kala,arhaan.kala113@rediffmail.com,0924882358,"28, Mannan",Madurai,Uttar Pradesh,423884,India
114,Faiyaz,Tandon,faiyaz.tandon114@gmail.com,4440273395,"38, Kamdar Street",Gwalior,Uttar Pradesh,840396,India
115,Priyansh,Contractor,priyansh.contractor115@gmail.com,8014899221,"21/97, Kumar Nagar",Meerut,Tamil Nadu,232904,India
116,Kismat,Bala,kismat.bala116@gmail.com,8436402050,"959, Sama Road",Ludhiana,Maharashtra,509410,India
117,Indranil,Krish,indranil.krish117@yahoo.in,9883471926,"21/048, Goswami Street",Rajahmundry,Uttarakhand,184864,India
118,Zain,Chaudry,zain.chaudry118@yahoo.in,8232874732,"47/961, Datta Zila",Silchar,Maharashtra,839863,India
119,Shalv,Vala,shalv.vala119@rediffmail.com,1066520786,"277, Wali Street",Vijayawada,Meghalaya,928351,India
120,Adah,Verma,adah.verma120@hotmail.com,9705861417,"99/878, Malhotra Zila",Bijapur,Gujarat,998412,India
121,Rasha,Sarma,rasha.sarma121@gmail.com,4075006599,"82, Mani Circle",Barasat,Himachal Pradesh,246517,India
122,Shalv,Thakur,shalv.thakur122@rediffmail.com,2454723550,"32, Gour",Thiruvananthapuram,Tamil Nadu,448685,India
123,Saanvi,Viswanathan,saanvi.viswanathan123@rediffmail.com,2321565938,"57, Saha",Saharsa,Arunachal Pradesh,972810,India
124,Amira,Shenoy,amira.shenoy124@hotmail.com,6714512095,"H.No. 69, Seth Ganj",Varanasi,Nagaland,527493,India
125,Elakshi,Savant,elakshi.savant125@rediffmail.com,3115841012,"H.No. 590, Baria Street",Jamshedpur,Karnataka,675494,India
126,Yashvi,Kant,yashvi.kant126@hotmail.com,4573532854,"H.No. 78, Choudhary Nagar",Mathura,Manipur,146250,India
127,Zeeshan,Chander,zeeshan.chander127@outlook.com,0439728891,"H.No. 06, Bal Nagar",Kadapa,Sikkim,854232,India
128,Vanya,Kadakia,vanya.kadakia128@hotmail.com,9075106578,"74/01, Lad Street",Sri Ganganagar,West Bengal,296240,India
129,Nakul,Taneja,nakul.taneja129@gmail.com,4670694805,"H.No. 546, Chaudhary Chowk",Naihati,Madhya Pradesh,178707,India
130,Shayak,Sanghvi,shayak.sanghvi130@gmail.com,5668073702,"H.No. 94, Gopal Marg",Karnal,West Bengal,291586,India
131,Samarth,Dutt,samarth.dutt131@hotmail.com,1193671589,"53/180, Wali Path",Chittoor,Assam,549521,India
132,Zain,Upadhyay,zain.upadhyay132@outlook.com,1611424786,"51/433, Walia Street",Bharatpur,Andhra Pradesh,047146,India
133,Kanav,Balay,kanav.balay133@outlook.com,7020209405,"H.No. 965, Goyal Circle",Jaipur,Jharkhand,977406,India
134,Seher,Sethi,seher.sethi134@gmail.com,9920276330,"24/226, Tripathi Ganj",Shahjahanpur,Tripura,054129,India
135,Riaan,Arya,riaan.arya135@outlook.com,3440976189,"31/38, Saran Path",Dindigul,Sikkim,472044,India
136,Rohan,Lanka,rohan.lanka136@rediffmail.com,5385677204,"H.No. 50, Kuruvilla Nagar",Tinsukia,West Bengal,617992,India
137,Hridaan,Vyas,hridaan.vyas137@yahoo.in,6599964668,"47, Dixit Marg",Kochi,Himachal Pradesh,433779,India
138,Rasha,Chana,rasha.chana138@rediffmail.com,7665875494,"411, Dubey Zila",Purnia,Tripura,747500,India
139,Farhan,Mahajan,farhan.mahajan139@gmail.com,1892016992,"H.No. 503, Kala Chowk",Rohtak,Uttar Pradesh,955532,India
140,Alisha,Bandi,alisha.bandi140@outlook.com,9687207472,"67, Shah Chowk",Hosur,Karnataka,451674,India
141,Hiran,Dhaliwal,hiran.dhaliwal141@hotmail.com,4059572181,"05/244, Deshpande",Sagar,Himachal Pradesh,424549,India
142,Eva,Bassi,eva.bassi142@yahoo.in,3702234328,"H.No. 553, Yogi Street",Hosur,Chhattisgarh,815168,India
143,Tejas,Chacko,tejas.chacko143@hotmail.com,4981307448,"H.No. 41, Ramaswamy Road",Deoghar,Nagaland,770554,India
144,Inaaya ,Dhawan,inaaya.dhawan144@gmail.com,4205193430,"H.No. 773, Chokshi Nagar",Bhusawal,Jharkhand,867848,India
145,Vihaan,Deshpande,vihaan.deshpande145@outlook.com,4676225178,"306, Issac Marg",Jorhat,Manipur,683995,India
146,Vedika,Bhakta,vedika.bhakta146@hotmail.com,4578049004,"61, Borra Zila",Arrah,Telangana,801469,India
147,Miraan,Desai,miraan.desai147@hotmail.com,1302121110,"04/89, Bhandari Zila",Mehsana,Sikkim,209395,India
148,Ahana ,Dalal,ahana.dalal148@yahoo.in,4337736577,"82/736, Mammen Ganj",Maheshtala,Haryana,420003,India
149,Siya,Sura,siya.sura149@yahoo.in,3878001620,"03/34, Ramachandran Ganj",Shivpuri,Mizoram,885009,India
150,Jivin,Vohra,jivin.vohra150@outlook.com,8426196554,"55/78, Roy Circle",Visakhapatnam,Odisha,137119,India
151,Indrajit,Walla,indrajit.walla151@yahoo.in,8704838046,"48/058, De Chowk",Kadapa,Tripura,345228,India
152,Zaina,Sathe,zaina.sathe152@hotmail.com,5731830608,"H.No. 084, Krish Chowk",Durgapur,Karnataka,420481,India
153,Kismat,Sama,kismat.sama153@hotmail.com,7461308974,"05, Zachariah Path",Satna,Punjab,106462,India
154,Hiran,Andra,hiran.andra154@gmail.com,1690837865,"33/790, Behl Street",Farrukhabad,Tripura,888005,India
155,Anvi,Venkataraman,anvi.venkataraman155@hotmail.com,2001406905,"03, Varma Street",Davanagere,Sikkim,468290,India
156,Lagan,Sem,lagan.sem156@outlook.com,6383440924,"08/35, Walla Ganj",Siliguri,Andhra Pradesh,687962,India
157,Badal,Mani,badal.mani157@rediffmail.com,3960486015,"H.No. 307, Dhar Road",Ballia,Jharkhand,316441,India
158,Rasha,Raman,rasha.raman158@gmail.com,4263466880,"32, Ahluwalia",Asansol,Assam,949435,India
159,Siya,Vasa,siya.vasa159@gmail.com,9005911857,"54/38, Sahni",Mahbubnagar,Tamil Nadu,926571,India
160,Divij,Chakrabarti,divij.chakrabarti160@outlook.com,3622940644,"83/41, Dara Road",Akola,Manipur,702163,India
161,Piya,Dey,piya.dey161@outlook.com,6153123350,"H.No. 64, Chandran Marg",Ambarnath,Assam,249518,India
162,Nayantara,Venkataraman,nayantara.venkataraman162@yahoo.in,9237130111,"43, Barman Nagar",Haldia,West Bengal,066264,India
163,Amani,Basak,amani.basak163@gmail.com,1528605766,"H.No. 60, Hayer Chowk",Phagwara,Odisha,927005,India
164,Nitya,Shukla,nitya.shukla164@yahoo.in,0625503538,"H.No. 96, Goswami Zila",Buxar,Arunachal Pradesh,031450,India
165,Aarush,Raju,aarush.raju165@hotmail.com,7088218847,"03/764, Dash Ganj",Jalgaon,Chhattisgarh,348090,India
166,Misha,Ravel,misha.ravel166@gmail.com,6045279912,"64/846, Mani Street",Sirsa,Jharkhand,686436,India
167,Ivan,Biswas,ivan.biswas167@gmail.com,9369747261,"H.No. 64, Mammen Path",Sonipat,West Bengal,058223,India
168,Arnav,Tailor,arnav.tailor168@rediffmail.com,6470824435,"64, Comar Circle",Gandhidham,Nagaland,344465,India
169,Baiju,Varughese,baiju.varughese169@gmail.com,4720777805,"17, Rege Circle",Chittoor,Bihar,102317,India
170,Hrishita,Sarin,hrishita.sarin170@hotmail.com,0996552568,"41, Sankar Marg",Dhule,Madhya Pradesh,732965,India
171,Mamooty,Randhawa,mamooty.randhawa171@yahoo.in,3448992314,"98/04, Swamy Chowk",Agra,Sikkim,738984,India
172,Hiran,Singhal,hiran.singhal172@yahoo.in,0055224259,"H.No. 034, Khurana Circle",Gorakhpur,Nagaland,515348,India
173,Keya,Jayaraman,keya.jayaraman173@rediffmail.com,7824476637,"H.No. 320, Bava Zila",Bhilai,Andhra Pradesh,710321,India
174,Advika,Bumb,advika.bumb174@hotmail.com,5862532854,"H.No. 615, Vasa Road",Navi Mumbai,West Bengal,909732,India
175,Ranbir,Malhotra,ranbir.malhotra175@yahoo.in,3558458745,"93, Bains",Kamarhati,Manipur,916328,India
176,Chirag,Mahal,chirag.mahal176@outlook.com,8200157939,"H.No. 325, Swamy Circle",Navi Mumbai,Punjab,960458,India
177,Chirag,Bassi,chirag.bassi177@hotmail.com,1029466921,"H.No. 047, Som Nagar",Khora ,Goa,731263,India
178,Bhavin,Ratta,bhavin.ratta178@hotmail.com,5803660773,"89, Balay Circle",Anand,Karnataka,830477,India
179,Ahana ,Hora,ahana.hora179@rediffmail.com,7742734485,"H.No. 55, Chana Path",Dehri,Kerala,168575,India
180,Ehsaan,Sunder,ehsaan.sunder180@yahoo.in,1734132535,"45, Dixit Circle",Barasat,Sikkim,123285,India
181,Shanaya,Kalita,shanaya.kalita181@hotmail.com,5523592798,"64/84, Varughese Street",Sasaram,Goa,762494,India
182,Shlok,Dhillon,shlok.dhillon182@yahoo.in,2258191047,"H.No. 49, Zacharia Marg",Kharagpur,Karnataka,714385,India
183,Tushar,Kapur,tushar.kapur183@outlook.com,7690711835,"H.No. 536, Gandhi Road",Varanasi,Uttarakhand,842755,India
184,Aniruddh,Basak,aniruddh.basak184@rediffmail.com,9334590814,"H.No. 57, Sani Circle",Danapur,Telangana,639926,India
185,Khushi,Bava,khushi.bava185@outlook.com,4327646948,"61, Sinha Marg",Kalyan-Dombivli,Haryana,749469,India
186,Urvi,Ahluwalia,urvi.ahluwalia186@rediffmail.com,1798181167,"40/74, Tella",Deoghar,West Bengal,075410,India
187,Nishith,Sathe,nishith.sathe187@hotmail.com,8717477186,"94, De Nagar",Hindupur,Gujarat,968486,India
188,Rhea,Dutta,rhea.dutta188@rediffmail.com,9641812482,"H.No. 463, Basak Zila",Durg,Assam,809754,India
189,Keya,Krishna,keya.krishna189@gmail.com,9319598920,"H.No. 267, Jaggi Road",Kanpur,Haryana,913694,India
190,Jayan,Hans,jayan.hans190@yahoo.in,7093882841,"15/70, Krishnan Circle",Khammam,Nagaland,827469,India
191,Ira,Ravel,ira.ravel191@yahoo.in,7259039069,"H.No. 935, Bhandari Street",Muzaffarpur,Haryana,051187,India
192,Vardaniya,Gokhale,vardaniya.gokhale192@gmail.com,9526729788,"69/22, Barman Chowk",Hyderabad,Mizoram,668982,India
193,Shayak,Chokshi,shayak.chokshi193@outlook.com,0289760884,"65, Goel Chowk",Nizamabad,Punjab,458255,India
194,Yakshit,Chandra,yakshit.chandra194@gmail.com,8502965976,"24/87, Khalsa Nagar",Loni,Himachal Pradesh,153211,India
195,Miraya,Lata,miraya.lata195@hotmail.com,4848516563,"H.No. 74, Varma Road",Gorakhpur,Karnataka,887823,India
196,Arnav,Dayal,arnav.dayal196@hotmail.com,9616328494,"98/91, Aurora Path",Bahraich,Maharashtra,057434,India
197,Jhanvi,Sood,jhanvi.sood197@yahoo.in,6404103928,"286, Bhatt Path",Chinsurah,Himachal Pradesh,559104,India
198,Heer,Atwal,heer.atwal198@hotmail.com,4693460048,"93/19, Dube Road",Thoothukudi,Assam,659522,India
199,Anahita,Chanda,anahita.chanda199@yahoo.in,5288022765,"49, Behl Nagar",Kavali,Andhra Pradesh,069989,India
200,Shayak,Dube,shayak.dube200@gmail.com,6786594489,"H.No. 00, Chopra Marg",Nagaon,Andhra Pradesh,724435,India
201,Ryan,Arya,ryan.arya201@gmail.com,7260480200,"286, Krishna Zila",Allahabad,Uttar Pradesh,554668,India
202,Adah,Chaudhari,adah.chaudhari202@gmail.com,0870178611,"729, Koshy Chowk",Dewas,Tamil Nadu,375932,India
203,Divij,Dash,divij.dash203@yahoo.in,0937509877,"40/466, Bajwa Zila",Dharmavaram,Manipur,211660,India
204,Piya,Kara,piya.kara204@gmail.com,4737450026,"H.No. 116, Desai Circle",Bhubaneswar,Assam,616160,India
205,Yuvaan,Bhat,yuvaan.bhat205@gmail.com,6574416770,"30/983, Hayre Path",Davanagere,Mizoram,651367,India
206,Amani,Mane,amani.mane206@outlook.com,4899861620,"H.No. 984, Lalla Street",Jhansi,Manipur,647906,India
207,Miraya,Chander,miraya.chander207@gmail.com,7771770442,"09/18, Bhatia Ganj",Thanjavur,Maharashtra,431024,India
208,Dhanuk,Roy,dhanuk.roy208@hotmail.com,7146395242,"10/856, Anne Chowk",Moradabad,Telangana,090712,India
209,Jayan,Dyal,jayan.dyal209@yahoo.in,2938200073,"51/90, Batta Street",Thrissur,Haryana,766724,India
210,Kavya,Char,kavya.char210@outlook.com,5845975830,"H.No. 912, Saran Zila",Purnia,Haryana,741835,India
211,Ehsaan,Ben,ehsaan.ben211@rediffmail.com,3443221028,"60/385, Chandra Road",Bangalore,Nagaland,549332,India
212,Himmat,Chaudry,himmat.chaudry212@yahoo.in,5737665999,"153, Bhargava Road",Kolkata,Goa,068303,India
213,Seher,Edwin,seher.edwin213@hotmail.com,2149303531,"37/71, Rajagopalan",Kamarhati,Nagaland,402254,India
214,Anya,Borde,anya.borde214@yahoo.in,7776022959,"704, Saraf Nagar",Raurkela Industrial Township,Odisha,567415,India
215,Diya,Chanda,diya.chanda215@hotmail.com,6313399383,"62/987, De Circle",Mehsana,Rajasthan,538335,India
216,Shray,Bajwa,shray.bajwa216@hotmail.com,3722233073,"H.No. 975, Sinha Marg",Jhansi,Bihar,775770,India
217,Kavya,Dave,kavya.dave217@rediffmail.com,3345202442,"081, Shetty Zila",Guwahati,Uttarakhand,852446,India
218,Hrishita,Lata,hrishita.lata218@yahoo.in,2657344195,"87/61, Ram Nagar",Nagaon,Mizoram,802411,India
219,Aaina,Dutt,aaina.dutt219@rediffmail.com,8106794677,"H.No. 58, Sachdev Marg",Kanpur,Manipur,262635,India
220,Nayantara,Raj,nayantara.raj220@rediffmail.com,0667073633,"65/54, Sangha",Mangalore,Punjab,439114,India
221,Raunak,Zacharia,raunak.zacharia221@yahoo.in,9090735804,"828, Mander Zila",Tezpur,Uttar Pradesh,810894,India
222,Amira,Bhatia,amira.bhatia222@gmail.com,0817483748,"H.No. 69, Krishna Zila",South Dumdum,Gujarat,448844,India
223,Indranil,Dora,indranil.dora223@gmail.com,2106272459,"08/76, Wali Marg",Kumbakonam,Manipur,514052,India
224,Nitya,Randhawa,nitya.randhawa224@rediffmail.com,9090129837,"333, Deshmukh Circle",Siwan,Odisha,097395,India
225,Zaina,Chopra,zaina.chopra225@outlook.com,8128408594,"28, Bora Path",Bhatpara,Uttar Pradesh,498585,India
226,Aayush,Savant,aayush.savant226@rediffmail.com,8746534644,"06, Sachdev Nagar",Tenali,Haryana,817488,India
227,Riaan,Raj,riaan.raj227@rediffmail.com,3706494378,"02, Kibe Nagar",Amritsar,Arunachal Pradesh,758539,India
228,Himmat,Ganesh,himmat.ganesh228@rediffmail.com,5984953320,"H.No. 46, De Marg",Gaya,Bihar,164243,India
229,Manjari,Singhal,manjari.singhal229@gmail.com,8534212359,"H.No. 465, Hora Marg",Maheshtala,Chhattisgarh,263996,India
230,Samarth,Lall,samarth.lall230@gmail.com,1511301878,"H.No. 72, Sehgal",Parbhani,Mizoram,574164,India
231,Ayesha,Bhasin,ayesha.bhasin231@gmail.com,7860932826,"27/73, Dugal Nagar",Bhiwani,Himachal Pradesh,961522,India
232,Vardaniya,Varughese,vardaniya.varughese232@rediffmail.com,8256821062,"094, Karpe Road",Nashik,Punjab,710465,India
233,Arhaan,Sathe,arhaan.sathe233@outlook.com,7626888369,"71, Basak Street",Phusro,Goa,327325,India
234,Vedika,Ray,vedika.ray234@gmail.com,7660535699,"69/270, Ram Ganj",Satna,Meghalaya,022988,India
235,Aarna,Issac,aarna.issac235@yahoo.in,0245215751,"632, Lall",Satna,Meghalaya,908039,India
236,Miraan,Ramachandran,miraan.ramachandran236@yahoo.in,1746580579,"40, Korpal Nagar",Thiruvananthapuram,Bihar,760352,India
237,Parinaaz,Krish,parinaaz.krish237@yahoo.in,5358831510,"74/178, Vohra Path",Raipur,Madhya Pradesh,295064,India
238,Miraan,Sharma,miraan.sharma238@hotmail.com,4237902437,"H.No. 732, Kulkarni Path",Indore,Goa,630785,India
239,Ahana ,Sane,ahana.sane239@rediffmail.com,8637072201,"H.No. 385, Sastry Street",Kanpur,Maharashtra,054430,India
240,Sara,Sarkar,sara.sarkar240@yahoo.in,4557978963,"H.No. 891, Chandran Chowk",Alappuzha,Karnataka,514144,India
241,Samar,Desai,samar.desai241@rediffmail.com,7861231557,"89/27, Gill Path",Madhyamgram,Bihar,399005,India
242,Anya,Basu,anya.basu242@yahoo.in,0328229312,"38/860, Ranganathan Path",Kanpur,Odisha,005604,India
243,Miraan,Dasgupta,miraan.dasgupta243@outlook.com,7076076517,"288, Srinivas Marg",Mehsana,Gujarat,826754,India
244,Hazel,Cherian,hazel.cherian244@rediffmail.com,3752551147,"43/345, Venkatesh Ganj",Unnao,Kerala,335159,India
245,Parinaaz,Dey,parinaaz.dey245@yahoo.in,5437742992,"H.No. 487, Subramanian Nagar",Guntakal,Gujarat,972895,India
246,Kiaan,Subramanian,kiaan.subramanian246@gmail.com,0410664567,"13/175, Bhavsar Circle",Tezpur,Tripura,913984,India
247,Indrajit,Gala,indrajit.gala247@rediffmail.com,3576775170,"992, Dubey Street",Machilipatnam,Himachal Pradesh,227187,India
248,Mohanlal,Shere,mohanlal.shere248@hotmail.com,2421387455,"819, Sharma Road",Mathura,Uttar Pradesh,155332,India
249,Nehmat,Kalla,nehmat.kalla249@gmail.com,6029176324,"H.No. 848, Dave Circle",Bhiwandi,Karnataka,612682,India
250,Khushi,Cheema,khushi.cheema250@gmail.com,1849869739,"34, Sibal Nagar",Mau,Tripura,381920,India
251,Dhruv,Reddy,dhruv.reddy251@hotmail.com,9465090293,"H.No. 808, Gola Road",Ramagundam,Jharkhand,765204,India
252,Alisha,Ahluwalia,alisha.ahluwalia252@gmail.com,2127666843,"052, Chatterjee",Tiruchirappalli,Maharashtra,744089,India
253,Reyansh,Khalsa,reyansh.khalsa253@gmail.com,3163096380,"56/67, Varma Nagar",Singrauli,Gujarat,218023,India
254,Stuvan,Lad,stuvan.lad254@yahoo.in,5104446329,"57, Luthra Road",Kalyan-Dombivli,Nagaland,332522,India
255,Eshani,Gola,eshani.gola255@yahoo.in,7929672139,"067, Walla Chowk",Phusro,Himachal Pradesh,028785,India
256,Vivaan,Singh,vivaan.singh256@rediffmail.com,1464685812,"56/256, Suresh Zila",Nagaon,Assam,754966,India
257,Prisha,Bhargava,prisha.bhargava257@rediffmail.com,5657510072,"36/521, Ravel",Bidhannagar,Sikkim,160860,India
258,Ishaan,Buch,ishaan.buch258@rediffmail.com,2670206893,"611, Swaminathan Road",Amritsar,Nagaland,977611,India
259,Tejas,Konda,tejas.konda259@yahoo.in,4689901468,"H.No. 282, Bhatnagar Path",Erode,Haryana,798903,India
260,Aradhya,Virk,aradhya.virk260@rediffmail.com,3210580142,"70, Dada Nagar",Mirzapur,Sikkim,255509,India
261,Zeeshan,Mani,zeeshan.mani261@gmail.com,5553846010,"99/84, Dhawan Chowk",Adoni,Maharashtra,888970,India
262,Diya,Ray,diya.ray262@yahoo.in,8684405144,"77/428, Bhargava Ganj",Bhagalpur,Telangana,291544,India
263,Kanav,Chatterjee,kanav.chatterjee263@rediffmail.com,3767247810,"83/59, Hari Nagar",Bhind,Maharashtra,604715,India
264,Piya,Gokhale,piya.gokhale264@gmail.com,7925904090,"17/82, Sarraf",Khammam,Odisha,946690,India
265,Tara,Raja,tara.raja265@rediffmail.com,3649682480,"54, Dayal Chowk",Sagar,Chhattisgarh,727504,India
266,Tara,Butala,tara.butala266@outlook.com,3767655229,"H.No. 88, Choudhry Marg",Noida,Bihar,798388,India
267,Dhanuk,Bava,dhanuk.bava267@rediffmail.com,0413108847,"H.No. 990, Trivedi Street",Agartala,Uttarakhand,742889,India
268,Piya,Malhotra,piya.malhotra268@outlook.com,3160657189,"13/13, Swamy Road",Erode,Sikkim,861563,India
269,Manikya,Gade,manikya.gade269@rediffmail.com,9144929845,"795, Bhatti Nagar",Ambarnath,Odisha,084821,India
270,Yashvi,Agrawal,yashvi.agrawal270@hotmail.com,9996678908,"564, Kapadia Street",Kakinada,Meghalaya,698186,India
271,Indranil,Kaur,indranil.kaur271@rediffmail.com,8064705461,"008, Raj Street",Tumkur,Karnataka,740224,India
272,Tiya,Acharya,tiya.acharya272@yahoo.in,0597625263,"H.No. 77, Kade",Shimoga,Manipur,184182,India
273,Nirvaan,Garg,nirvaan.garg273@yahoo.in,5609988132,"52, Khatri Chowk",Madhyamgram,Andhra Pradesh,685852,India
274,Jivika,Bhavsar,jivika.bhavsar274@outlook.com,9425714627,"78, Hans Nagar",Sirsa,Uttar Pradesh,985524,India
275,Dhanuk,Halder,dhanuk.halder275@yahoo.in,2821898575,"796, Solanki",Medininagar,Arunachal Pradesh,381553,India
276,Sara,Apte,sara.apte276@gmail.com,0917800864,"66/86, Mahal Circle",Jalgaon,Goa,714993,India
277,Heer,Goyal,heer.goyal277@hotmail.com,9916950804,"H.No. 13, Ganguly",Dhanbad,Kerala,503944,India
278,Jhanvi,Wagle,jhanvi.wagle278@hotmail.com,8721907175,"99/42, Guha Marg",Jabalpur,Madhya Pradesh,383899,India
279,Divyansh,Apte,divyansh.apte279@gmail.com,0341210064,"93/29, Chaudhari Chowk",Agra,Punjab,776831,India
280,Zoya,Handa,zoya.handa280@outlook.com,2115226490,"H.No. 829, Doctor Path",Thoothukudi,Arunachal Pradesh,979324,India
281,Shlok,Sama,shlok.sama281@gmail.com,9829197801,"24/10, Rajagopal Nagar",Tirupati,Chhattisgarh,808766,India
282,Charvi,Badami,charvi.badami282@gmail.com,5966177352,"76/858, Kohli Chowk",Hindupur,Madhya Pradesh,674803,India
283,Tiya,Sastry,tiya.sastry283@hotmail.com,9160398841,"65/60, Sha",Surendranagar Dudhrej,Telangana,276308,India
284,Tejas,Bahl,tejas.bahl284@rediffmail.com,1776719313,"36/08, Bora Circle",Jodhpur,Nagaland,763256,India
285,Misha,Sama,misha.sama285@hotmail.com,8135871365,"H.No. 29, Gala Street",Bally,Manipur,409973,India
286,Sahil,Ratti,sahil.ratti286@hotmail.com,0933684511,"H.No. 70, Sekhon",Bellary,Telangana,261353,India
287,Anahi,Salvi,anahi.salvi287@yahoo.in,8345016342,"H.No. 570, Sekhon Street",Hyderabad,Assam,563896,India
288,Shaan,Mahajan,shaan.mahajan288@gmail.com,8340384189,"53/685, Lall Path",Indore,Sikkim,428581,India
289,Kimaya,Aurora,kimaya.aurora289@hotmail.com,1839771357,"H.No. 70, Arora",Davanagere,Chhattisgarh,833287,India
290,Divyansh,Rastogi,divyansh.rastogi290@gmail.com,2559169779,"897, Kade Nagar",Latur,Tripura,477927,India
291,Tushar,Loyal,tushar.loyal291@yahoo.in,8737098267,"52/935, Zachariah Ganj",Shahjahanpur,Andhra Pradesh,901715,India
292,Aaryahi,Choudhry,aaryahi.choudhry292@gmail.com,0724869712,"50/484, Thakur Marg",Farrukhabad,Gujarat,177586,India
293,Aarna,Goswami,aarna.goswami293@hotmail.com,7696180374,"H.No. 34, Kata Ganj",Udaipur,Himachal Pradesh,436456,India
294,Urvi,Iyer,urvi.iyer294@gmail.com,4259402441,"H.No. 30, Madan",Rajpur Sonarpur,Madhya Pradesh,731200,India
295,Vidur,Apte,vidur.apte295@yahoo.in,0042745820,"H.No. 75, Wable Nagar",Rourkela,Telangana,551672,India
296,Romil,Krishna,romil.krishna296@rediffmail.com,9273172594,"99/08, Toor Marg",Darbhanga,Maharashtra,116271,India
297,Siya,Basak,siya.basak297@gmail.com,9106060273,"H.No. 614, Upadhyay Street",Noida,Maharashtra,214047,India
298,Faiyaz,Halder,faiyaz.halder298@hotmail.com,5546432403,"H.No. 266, Chandran Road",Bareilly,Uttar Pradesh,733584,India
299,Krish,Rattan,krish.rattan299@yahoo.in,4505686373,"H.No. 293, Dayal Zila",Gwalior,Odisha,071756,India
300,Advik,Bhatti,advik.bhatti300@hotmail.com,5738148201,"52, Thakkar Chowk",Khammam,Chhattisgarh,731026,India
